{"cameraMode":{"drawMode":0,"name":"Shaded","section":"Shading Mode"},"sceneLighting":true,"audioPlay":false,"sceneViewState":{"showFog":true,"showMaterialUpdate":true,"showSkybox":true,"showFlares":true,"showImageEffects":true,"showParticleSystems":true},"in2DMode":false,"pivot":{"x":4.897201061248779,"y":5.494573593139648,"z":0.3941001892089844},"rotation":{"x":0.19758598506450654,"y":-0.0058814762160182,"z":0.0011855404591187835,"w":0.9802672266960144},"size":23.712862014770509,"orthographic":false}